{"atleti_iscritti":[{"sesso":"M","cateta":"Cadetti A","cintura_da":"","cintura_a":"","catcintura":"Rossa (2° Kup) -> Nera 9° Dan","catpeso":"-33","nome":"Campazzo Augusto","societa":"SCUOLA TAEKWONDO GENOVA"},{"sesso":"M","cateta":"Cadetti A","cintura_da":"","cintura_a":"","catcintura":"Rossa (2° Kup) -> Nera 9° Dan","catpeso":"-33","nome":"Casu Nicola","societa":"taekwondo onda blu A.S.D."},{"sesso":"M","cateta":"Cadetti A","cintura_da":"","cintura_a":"","catcintura":"Rossa (2° Kup) -> Nera 9° Dan","catpeso":"-33","nome":"Casula Mattia","societa":"A.S.D. CENTRO TAEKWONDO SAN SPERATE"},{"sesso":"M","cateta":"Cadetti A","cintura_da":"","cintura_a":"","catcintura":"Rossa (2° Kup) -> Nera 9° Dan","catpeso":"-33","nome":"Dalia Antonio","societa":"A.S.D. Bentis"},{"sesso":"M","cateta":"Cadetti A","cintura_da":"","cintura_a":"","catcintura":"Rossa (2° Kup) -> Nera 9° Dan","catpeso":"-33","nome":"De Masi Luigi","societa":"CENTRO AZZURRO 2 AFRAGOLA"},{"sesso":"M","cateta":"Cadetti A","cintura_da":"","cintura_a":"","catcintura":"Rossa (2° Kup) -> Nera 9° Dan","catpeso":"-33","nome":"Dell'acqua Andrea","societa":"CLUB EUROPA"},{"sesso":"M","cateta":"Cadetti A","cintura_da":"","cintura_a":"","catcintura":"Rossa (2° Kup) -> Nera 9° Dan","catpeso":"-33","nome":"Digennaro Giuseppe","societa":"A.S.D KIM YU SIN Palo del Colle (BA)"},{"sesso":"M","cateta":"Cadetti A","cintura_da":"","cintura_a":"","catcintura":"Rossa (2° Kup) -> Nera 9° Dan","catpeso":"-33","nome":"Mazzi Mirco","societa":"Olimpic Taekwondo Verona"},{"sesso":"M","cateta":"Cadetti A","cintura_da":"","cintura_a":"","catcintura":"Rossa (2° Kup) -> Nera 9° Dan","catpeso":"-33","nome":"Oltolini Mirko","societa":"A.S.D. Taekwondo Smile"},{"sesso":"M","cateta":"Cadetti A","cintura_da":"","cintura_a":"","catcintura":"Rossa (2° Kup) -> Nera 9° Dan","catpeso":"-33","nome":"Pagliara Matteo","societa":"AS Combat Team"},{"sesso":"M","cateta":"Cadetti A","cintura_da":"","cintura_a":"","catcintura":"Rossa (2° Kup) -> Nera 9° Dan","catpeso":"-33","nome":"Pandolfo Gabriele","societa":"A.S.D. CHAMPIONS TKD LO IACONO"},{"sesso":"M","cateta":"Cadetti A","cintura_da":"","cintura_a":"","catcintura":"Rossa (2° Kup) -> Nera 9° Dan","catpeso":"-33","nome":"Pinna Simone","societa":"ASD taekwondo Mister 3"},{"sesso":"M","cateta":"Cadetti A","cintura_da":"","cintura_a":"","catcintura":"Rossa (2° Kup) -> Nera 9° Dan","catpeso":"-33","nome":"Sgarlata Andrea","societa":"g.s. ff.oo."},{"sesso":"M","cateta":"Cadetti A","cintura_da":"","cintura_a":"","catcintura":"Rossa (2° Kup) -> Nera 9° Dan","catpeso":"-33","nome":"Vargiu Mattia","societa":"ASD Taekwondo Olimpic Sardegna"},{"sesso":"M","cateta":"Cadetti A","cintura_da":"","cintura_a":"","catcintura":"Rossa (2° Kup) -> Nera 9° Dan","catpeso":"-37","nome":"Addaris Federico","societa":"A.S.D. CENTRO TAEKWONDO SAN SPERATE"},{"sesso":"M","cateta":"Cadetti A","cintura_da":"","cintura_a":"","catcintura":"Rossa (2° Kup) -> Nera 9° Dan","catpeso":"-37","nome":"Amicucci Cesare","societa":"Centro Tkd Pezzolla (Lazio)"},{"sesso":"M","cateta":"Cadetti A","cintura_da":"","cintura_a":"","catcintura":"Rossa (2° Kup) -> Nera 9° Dan","catpeso":"-37","nome":"Antonino Gitto","societa":"A.S.D. Tiger's Den"},{"sesso":"M","cateta":"Cadetti A","cintura_da":"","cintura_a":"","catcintura":"Rossa (2° Kup) -> Nera 9° Dan","catpeso":"-37","nome":"Arboretto Francesco","societa":"A.S.D. CANGURO"},{"sesso":"M","cateta":"Cadetti A","cintura_da":"","cintura_a":"","catcintura":"Rossa (2° Kup) -> Nera 9° Dan","catpeso":"-37","nome":"Atzeni Ludovico","societa":"a.s.d. ATHENA ALES"},{"sesso":"M","cateta":"Cadetti A","cintura_da":"","cintura_a":"","catcintura":"Rossa (2° Kup) -> Nera 9° Dan","catpeso":"-37","nome":"Balocchi Thomas","societa":"OLIMPICO CLUB LECCE"},{"sesso":"M","cateta":"Cadetti A","cintura_da":"","cintura_a":"","catcintura":"Rossa (2° Kup) -> Nera 9° Dan","catpeso":"-37","nome":"Bitetto Donato","societa":"A.S.D KIM YU SIN Palo del Colle (BA)"},{"sesso":"M","cateta":"Cadetti A","cintura_da":"","cintura_a":"","catcintura":"Rossa (2° Kup) -> Nera 9° Dan","catpeso":"-37","nome":"Bonanni Mattia","societa":"asd Sportesercito"},{"sesso":"M","cateta":"Cadetti A","cintura_da":"","cintura_a":"","catcintura":"Rossa (2° Kup) -> Nera 9° Dan","catpeso":"-37","nome":"D'abbrunzo Carlo","societa":"A.S.D. CANGURO"},{"sesso":"M","cateta":"Cadetti A","cintura_da":"","cintura_a":"","catcintura":"Rossa (2° Kup) -> Nera 9° Dan","catpeso":"-37","nome":"D'Amici Marco","societa":"TKD TERRACINA 1984"},{"sesso":"M","cateta":"Cadetti A","cintura_da":"","cintura_a":"","catcintura":"Rossa (2° Kup) -> Nera 9° Dan","catpeso":"-37","nome":"Di Palma Brian","societa":"A.S.D. CANGURO"},{"sesso":"M","cateta":"Cadetti A","cintura_da":"","cintura_a":"","catcintura":"Rossa (2° Kup) -> Nera 9° Dan","catpeso":"-37","nome":"Giordano Andrea","societa":"centro tkd kukkiwon"},{"sesso":"M","cateta":"Cadetti A","cintura_da":"","cintura_a":"","catcintura":"Rossa (2° Kup) -> Nera 9° Dan","catpeso":"-37","nome":"Lomartire Matias","societa":"a.s.d Tkd Talenti"},{"sesso":"M","cateta":"Cadetti A","cintura_da":"","cintura_a":"","catcintura":"Rossa (2° Kup) -> Nera 9° Dan","catpeso":"-37","nome":"Nocerino Alessandro","societa":"S.T.N.SCUOLA TAEKWONDO NOLANO"},{"sesso":"M","cateta":"Cadetti A","cintura_da":"","cintura_a":"","catcintura":"Rossa (2° Kup) -> Nera 9° Dan","catpeso":"-37","nome":"Pellecchia Alessandro","societa":"OLIMPICO CLUB LECCE"},{"sesso":"M","cateta":"Cadetti A","cintura_da":"","cintura_a":"","catcintura":"Rossa (2° Kup) -> Nera 9° Dan","catpeso":"-37","nome":"Piazzolla Alessandro","societa":"S.T.N.SCUOLA TAEKWONDO NOLANO"},{"sesso":"M","cateta":"Cadetti A","cintura_da":"","cintura_a":"","catcintura":"Rossa (2° Kup) -> Nera 9° Dan","catpeso":"-37","nome":"Piras Lorenzo","societa":"ASD FITNESS TAEKWONDO"},{"sesso":"M","cateta":"Cadetti A","cintura_da":"","cintura_a":"","catcintura":"Rossa (2° Kup) -> Nera 9° Dan","catpeso":"-37","nome":"Piroddi Gabriele","societa":"A.S.D.FREESTYLE FIT - SARDEGNA -"},{"sesso":"M","cateta":"Cadetti A","cintura_da":"","cintura_a":"","catcintura":"Rossa (2° Kup) -> Nera 9° Dan","catpeso":"-37","nome":"Puliafito Claudio","societa":"A.S.D. Tiger's Den"},{"sesso":"M","cateta":"Cadetti A","cintura_da":"","cintura_a":"","catcintura":"Rossa (2° Kup) -> Nera 9° Dan","catpeso":"-37","nome":"Randazzo Manuel","societa":"ASD CENTRO TAEKWONDO PISA"},{"sesso":"M","cateta":"Cadetti A","cintura_da":"","cintura_a":"","catcintura":"Rossa (2° Kup) -> Nera 9° Dan","catpeso":"-37","nome":"Russo Armando","societa":"CENTRO AZZURRO 2 AFRAGOLA"},{"sesso":"M","cateta":"Cadetti A","cintura_da":"","cintura_a":"","catcintura":"Rossa (2° Kup) -> Nera 9° Dan","catpeso":"-37","nome":"Terrevoli Fabio","societa":"A.S.D KIM YU SIN Palo del Colle (BA)"},{"sesso":"M","cateta":"Cadetti A","cintura_da":"","cintura_a":"","catcintura":"Rossa (2° Kup) -> Nera 9° Dan","catpeso":"-37","nome":"Vasa Marco","societa":"ASD SHARDANA TAEKWONDO Valledoria"},{"sesso":"M","cateta":"Cadetti A","cintura_da":"","cintura_a":"","catcintura":"Rossa (2° Kup) -> Nera 9° Dan","catpeso":"-37","nome":"Veneziano Mario","societa":"A.S.D. AERODANCE SPORT LIBERTAS"},{"sesso":"M","cateta":"Cadetti A","cintura_da":"","cintura_a":"","catcintura":"Rossa (2° Kup) -> Nera 9° Dan","catpeso":"-37","nome":"Zapparrata Antonio","societa":"A.S.D. HYDRA TKD FRANCOFONTE"},{"sesso":"M","cateta":"Cadetti A","cintura_da":"","cintura_a":"","catcintura":"Rossa (2° Kup) -> Nera 9° Dan","catpeso":"-37","nome":"Zitelli Emanuele","societa":"asd Sportesercito"},{"sesso":"M","cateta":"Cadetti A","cintura_da":"","cintura_a":"","catcintura":"Rossa (2° Kup) -> Nera 9° Dan","catpeso":"-41","nome":"Abis Filippo","societa":"ASD Fit Style "},{"sesso":"M","cateta":"Cadetti A","cintura_da":"","cintura_a":"","catcintura":"Rossa (2° Kup) -> Nera 9° Dan","catpeso":"-41","nome":"Arlotta Giuseppe","societa":"A.S.D. Tiger's Den"},{"sesso":"M","cateta":"Cadetti A","cintura_da":"","cintura_a":"","catcintura":"Rossa (2° Kup) -> Nera 9° Dan","catpeso":"-41","nome":"Baretta Dennis","societa":"asd taekwondo karisma latina"},{"sesso":"M","cateta":"Cadetti A","cintura_da":"","cintura_a":"","catcintura":"Rossa (2° Kup) -> Nera 9° Dan","catpeso":"-41","nome":"Calloni Richard","societa":"S.T.N.SCUOLA TAEKWONDO NOLANO"},{"sesso":"M","cateta":"Cadetti A","cintura_da":"","cintura_a":"","catcintura":"Rossa (2° Kup) -> Nera 9° Dan","catpeso":"-41","nome":"Caria Federico","societa":"A.S.D. CENTRO TAEKWONDO SAN SPERATE"},{"sesso":"M","cateta":"Cadetti A","cintura_da":"","cintura_a":"","catcintura":"Rossa (2° Kup) -> Nera 9° Dan","catpeso":"-41","nome":"Conti Andrea","societa":"A.S.D. NRGYM TAEKWONDO AREZZO"},{"sesso":"M","cateta":"Cadetti A","cintura_da":"","cintura_a":"","catcintura":"Rossa (2° Kup) -> Nera 9° Dan","catpeso":"-41","nome":"Curci Diego","societa":"taekwondo rozzano"},{"sesso":"M","cateta":"Cadetti A","cintura_da":"","cintura_a":"","catcintura":"Rossa (2° Kup) -> Nera 9° Dan","catpeso":"-41","nome":"D'abbrunzo Felice","societa":"A.S.D. CANGURO"},{"sesso":"M","cateta":"Cadetti A","cintura_da":"","cintura_a":"","catcintura":"Rossa (2° Kup) -> Nera 9° Dan","catpeso":"-41","nome":"D'abbrunzo Francesco","societa":"A.S.D. CANGURO"},{"sesso":"M","cateta":"Cadetti A","cintura_da":"","cintura_a":"","catcintura":"Rossa (2° Kup) -> Nera 9° Dan","catpeso":"-41","nome":"D'aiello Alessandro","societa":"CENTRO AZZURRO 2 AFRAGOLA"},{"sesso":"M","cateta":"Cadetti A","cintura_da":"","cintura_a":"","catcintura":"Rossa (2° Kup) -> Nera 9° Dan","catpeso":"-41","nome":"Daniele Donato Emmanuel","societa":"CENTRO AZZURRO 2 AFRAGOLA"},{"sesso":"M","cateta":"Cadetti A","cintura_da":"","cintura_a":"","catcintura":"Rossa (2° Kup) -> Nera 9° Dan","catpeso":"-41","nome":"Di Pofi Renato","societa":"a.s.d. TAEKWONDO 16"},{"sesso":"M","cateta":"Cadetti A","cintura_da":"","cintura_a":"","catcintura":"Rossa (2° Kup) -> Nera 9° Dan","catpeso":"-41","nome":"Diana Nicolo","societa":"Taekwondo Hwarang-Silla"},{"sesso":"M","cateta":"Cadetti A","cintura_da":"","cintura_a":"","catcintura":"Rossa (2° Kup) -> Nera 9° Dan","catpeso":"-41","nome":"Fattaccio Matteo","societa":"ASD SHARDANA TAEKWONDO Valledoria"},{"sesso":"M","cateta":"Cadetti A","cintura_da":"","cintura_a":"","catcintura":"Rossa (2° Kup) -> Nera 9° Dan","catpeso":"-41","nome":"Fiorillo Antonio","societa":"CENTRO AZZURRO 2 AFRAGOLA"},{"sesso":"M","cateta":"Cadetti A","cintura_da":"","cintura_a":"","catcintura":"Rossa (2° Kup) -> Nera 9° Dan","catpeso":"-41","nome":"Foti Giuseppe","societa":"CENTRO TAEKWONDO BARCELLONA"},{"sesso":"M","cateta":"Cadetti A","cintura_da":"","cintura_a":"","catcintura":"Rossa (2° Kup) -> Nera 9° Dan","catpeso":"-41","nome":"Grimaldi Vincenzo","societa":"A.S.D. Bentis"},{"sesso":"M","cateta":"Cadetti A","cintura_da":"","cintura_a":"","catcintura":"Rossa (2° Kup) -> Nera 9° Dan","catpeso":"-41","nome":"Lafranceschina Giacomo","societa":"ASD REAL TKD MILANO"},{"sesso":"M","cateta":"Cadetti A","cintura_da":"","cintura_a":"","catcintura":"Rossa (2° Kup) -> Nera 9° Dan","catpeso":"-41","nome":"Montinaro Simone","societa":"OLIMPICO CLUB LECCE"},{"sesso":"M","cateta":"Cadetti A","cintura_da":"","cintura_a":"","catcintura":"Rossa (2° Kup) -> Nera 9° Dan","catpeso":"-41","nome":"Pagano Andrea Nunzio","societa":"d&f Arabesque"},{"sesso":"M","cateta":"Cadetti A","cintura_da":"","cintura_a":"","catcintura":"Rossa (2° Kup) -> Nera 9° Dan","catpeso":"-41","nome":"Peschetti Simone","societa":"S.S.D. ANNOZERO"},{"sesso":"M","cateta":"Cadetti A","cintura_da":"","cintura_a":"","catcintura":"Rossa (2° Kup) -> Nera 9° Dan","catpeso":"-41","nome":"Roccheri Emanuele","societa":"A.S.D. CHAMPIONS TKD LO IACONO"},{"sesso":"M","cateta":"Cadetti A","cintura_da":"","cintura_a":"","catcintura":"Rossa (2° Kup) -> Nera 9° Dan","catpeso":"-41","nome":"Russo Ciro","societa":"CENTRO AZZURRO 2 AFRAGOLA"},{"sesso":"M","cateta":"Cadetti A","cintura_da":"","cintura_a":"","catcintura":"Rossa (2° Kup) -> Nera 9° Dan","catpeso":"-41","nome":"Serra Mauro","societa":"A.S.D. Dinamico Taekwondo"},{"sesso":"M","cateta":"Cadetti A","cintura_da":"","cintura_a":"","catcintura":"Rossa (2° Kup) -> Nera 9° Dan","catpeso":"-41","nome":"Spada Federico","societa":"asd TAEKWONDO OLIMPIC CATTOLICA"},{"sesso":"M","cateta":"Cadetti A","cintura_da":"","cintura_a":"","catcintura":"Rossa (2° Kup) -> Nera 9° Dan","catpeso":"-41","nome":"Spreca Tommaso","societa":"asd tiger team taekwondo fabriano"},{"sesso":"M","cateta":"Cadetti A","cintura_da":"","cintura_a":"","catcintura":"Rossa (2° Kup) -> Nera 9° Dan","catpeso":"-41","nome":"Tateo Gabriele","societa":"ASD POLISPORTIVA AMICIZIA TKD"},{"sesso":"M","cateta":"Cadetti A","cintura_da":"","cintura_a":"","catcintura":"Rossa (2° Kup) -> Nera 9° Dan","catpeso":"-41","nome":"Tripiciano Pietro","societa":"g.s. ff.oo."},{"sesso":"M","cateta":"Cadetti A","cintura_da":"","cintura_a":"","catcintura":"Rossa (2° Kup) -> Nera 9° Dan","catpeso":"-41","nome":"Tumbiolo Pietro","societa":"a.s.d.taekwondo2000"},{"sesso":"M","cateta":"Cadetti A","cintura_da":"","cintura_a":"","catcintura":"Rossa (2° Kup) -> Nera 9° Dan","catpeso":"-41","nome":"Vadala' Roberto","societa":"ASD AESSE TAEKWONDO ACADEMY "},{"sesso":"M","cateta":"Cadetti A","cintura_da":"","cintura_a":"","catcintura":"Rossa (2° Kup) -> Nera 9° Dan","catpeso":"-41","nome":"Vellucci Andrea","societa":"TKD TERRACINA 1984"},{"sesso":"M","cateta":"Cadetti A","cintura_da":"","cintura_a":"","catcintura":"Rossa (2° Kup) -> Nera 9° Dan","catpeso":"-41","nome":"Voltasio Denis","societa":"Fun Sport Center Catanzaro"},{"sesso":"M","cateta":"Cadetti A","cintura_da":"","cintura_a":"","catcintura":"Rossa (2° Kup) -> Nera 9° Dan","catpeso":"-41","nome":"Zucca Alessandro","societa":"a.s.d. ATHENA ALES"},{"sesso":"M","cateta":"Cadetti A","cintura_da":"","cintura_a":"","catcintura":"Rossa (2° Kup) -> Nera 9° Dan","catpeso":"-45","nome":"Arduini Federico","societa":"a.s.d. TAEKWONDO 16"},{"sesso":"M","cateta":"Cadetti A","cintura_da":"","cintura_a":"","catcintura":"Rossa (2° Kup) -> Nera 9° Dan","catpeso":"-45","nome":"Asaro Pietro","societa":"a.s.d.taekwondo2000"},{"sesso":"M","cateta":"Cadetti A","cintura_da":"","cintura_a":"","catcintura":"Rossa (2° Kup) -> Nera 9° Dan","catpeso":"-45","nome":"Cammarata Matteo","societa":"A.S.D. CHAMPIONS TKD LO IACONO"},{"sesso":"M","cateta":"Cadetti A","cintura_da":"","cintura_a":"","catcintura":"Rossa (2° Kup) -> Nera 9° Dan","catpeso":"-45","nome":"Carmeli Giacomo","societa":"A.S.D TAEKWONDO TRICOLORE"},{"sesso":"M","cateta":"Cadetti A","cintura_da":"","cintura_a":"","catcintura":"Rossa (2° Kup) -> Nera 9° Dan","catpeso":"-45","nome":"Casu Corrado","societa":"ASD Fit Style "},{"sesso":"M","cateta":"Cadetti A","cintura_da":"","cintura_a":"","catcintura":"Rossa (2° Kup) -> Nera 9° Dan","catpeso":"-45","nome":"Consiglio Vitoi","societa":"a.s.d.taekwondo2000"},{"sesso":"M","cateta":"Cadetti A","cintura_da":"","cintura_a":"","catcintura":"Rossa (2° Kup) -> Nera 9° Dan","catpeso":"-45","nome":"Corda Giuseppe","societa":"A.S.D. Dinamico Taekwondo"},{"sesso":"M","cateta":"Cadetti A","cintura_da":"","cintura_a":"","catcintura":"Rossa (2° Kup) -> Nera 9° Dan","catpeso":"-45","nome":"De Angelis Lorenzo","societa":"A.S.D. HWARANG SPORTING CLUB"},{"sesso":"M","cateta":"Cadetti A","cintura_da":"","cintura_a":"","catcintura":"Rossa (2° Kup) -> Nera 9° Dan","catpeso":"-45","nome":"De Petris Gabriel","societa":"S.T.N.SCUOLA TAEKWONDO NOLANO"},{"sesso":"M","cateta":"Cadetti A","cintura_da":"","cintura_a":"","catcintura":"Rossa (2° Kup) -> Nera 9° Dan","catpeso":"-45","nome":"Della Torre Giulio","societa":"OLIMPICO CLUB LECCE"},{"sesso":"M","cateta":"Cadetti A","cintura_da":"","cintura_a":"","catcintura":"Rossa (2° Kup) -> Nera 9° Dan","catpeso":"-45","nome":"Faretta Francesco","societa":"Olimpic Taekwondo Verona"},{"sesso":"M","cateta":"Cadetti A","cintura_da":"","cintura_a":"","catcintura":"Rossa (2° Kup) -> Nera 9° Dan","catpeso":"-45","nome":"Frailis Davide","societa":"ASD Fit Style "},{"sesso":"M","cateta":"Cadetti A","cintura_da":"","cintura_a":"","catcintura":"Rossa (2° Kup) -> Nera 9° Dan","catpeso":"-45","nome":"Giordano Emanuele","societa":"A.S.D. SCUOLA TAEKWONDO ANGILERI"},{"sesso":"M","cateta":"Cadetti A","cintura_da":"","cintura_a":"","catcintura":"Rossa (2° Kup) -> Nera 9° Dan","catpeso":"-45","nome":"Gismondi Michele","societa":"A.S.D. Bentis"},{"sesso":"M","cateta":"Cadetti A","cintura_da":"","cintura_a":"","catcintura":"Rossa (2° Kup) -> Nera 9° Dan","catpeso":"-45","nome":"Giunta Federico","societa":"A.S.D Dojang Taekwondo Barcellona P.G"},{"sesso":"M","cateta":"Cadetti A","cintura_da":"","cintura_a":"","catcintura":"Rossa (2° Kup) -> Nera 9° Dan","catpeso":"-45","nome":"Guerriero Alessio","societa":"ASD TAEKWONDO AVELLINO"},{"sesso":"M","cateta":"Cadetti A","cintura_da":"","cintura_a":"","catcintura":"Rossa (2° Kup) -> Nera 9° Dan","catpeso":"-45","nome":"Lacriola Domenico","societa":"A.S.D KIM YU SIN Palo del Colle (BA)"},{"sesso":"M","cateta":"Cadetti A","cintura_da":"","cintura_a":"","catcintura":"Rossa (2° Kup) -> Nera 9° Dan","catpeso":"-45","nome":"Leo Vito","societa":"ASD CENTRO OLIMPICO TKD NUZZO"},{"sesso":"M","cateta":"Cadetti A","cintura_da":"","cintura_a":"","catcintura":"Rossa (2° Kup) -> Nera 9° Dan","catpeso":"-45","nome":"Lucerna Luca","societa":"A.S.D. Taekwondo Smile"},{"sesso":"M","cateta":"Cadetti A","cintura_da":"","cintura_a":"","catcintura":"Rossa (2° Kup) -> Nera 9° Dan","catpeso":"-45","nome":"Maggiore Giacchino","societa":"A.S.D. CHAMPIONS TKD LO IACONO"},{"sesso":"M","cateta":"Cadetti A","cintura_da":"","cintura_a":"","catcintura":"Rossa (2° Kup) -> Nera 9° Dan","catpeso":"-45","nome":"Mariani Filippo","societa":"a.s.d. TAEKWONDO 16"},{"sesso":"M","cateta":"Cadetti A","cintura_da":"","cintura_a":"","catcintura":"Rossa (2° Kup) -> Nera 9° Dan","catpeso":"-45","nome":"Miceli Davide","societa":"g.s. ff.oo."},{"sesso":"M","cateta":"Cadetti A","cintura_da":"","cintura_a":"","catcintura":"Rossa (2° Kup) -> Nera 9° Dan","catpeso":"-45","nome":"Oberhofer Alexander","societa":"ASD TAEKWONDO TERLANO"},{"sesso":"M","cateta":"Cadetti A","cintura_da":"","cintura_a":"","catcintura":"Rossa (2° Kup) -> Nera 9° Dan","catpeso":"-45","nome":"Perniciaro Giovanni","societa":"A.S.D. SCUOLA TAEKWONDO ANGILERI"},{"sesso":"M","cateta":"Cadetti A","cintura_da":"","cintura_a":"","catcintura":"Rossa (2° Kup) -> Nera 9° Dan","catpeso":"-45","nome":"Pilunni Pietro","societa":"ACCADEMIA DEL TAEKWONDO "},{"sesso":"M","cateta":"Cadetti A","cintura_da":"","cintura_a":"","catcintura":"Rossa (2° Kup) -> Nera 9° Dan","catpeso":"-45","nome":"Rossetti Simone","societa":"a.s.d. TAEKWONDO 16"},{"sesso":"M","cateta":"Cadetti A","cintura_da":"","cintura_a":"","catcintura":"Rossa (2° Kup) -> Nera 9° Dan","catpeso":"-45","nome":"Saiu Alessandro","societa":"A..S.D. ASTROCLUB"},{"sesso":"M","cateta":"Cadetti A","cintura_da":"","cintura_a":"","catcintura":"Rossa (2° Kup) -> Nera 9° Dan","catpeso":"-45","nome":"Sansonne Alessandro","societa":"A.S.D. HWARANG SPORTING CLUB"},{"sesso":"M","cateta":"Cadetti A","cintura_da":"","cintura_a":"","catcintura":"Rossa (2° Kup) -> Nera 9° Dan","catpeso":"-45","nome":"Sinacori Ivan","societa":"A.S.D. SCUOLA TAEKWONDO ANGILERI"},{"sesso":"M","cateta":"Cadetti A","cintura_da":"","cintura_a":"","catcintura":"Rossa (2° Kup) -> Nera 9° Dan","catpeso":"-45","nome":"Spreca Andrea","societa":"asd tiger team taekwondo fabriano"},{"sesso":"M","cateta":"Cadetti A","cintura_da":"","cintura_a":"","catcintura":"Rossa (2° Kup) -> Nera 9° Dan","catpeso":"-45","nome":"Stefanazzi Davide","societa":"OLIMPICO CLUB LECCE"},{"sesso":"M","cateta":"Cadetti A","cintura_da":"","cintura_a":"","catcintura":"Rossa (2° Kup) -> Nera 9° Dan","catpeso":"-45","nome":"Tarulli Domenico","societa":"edera tkd forli"},{"sesso":"M","cateta":"Cadetti A","cintura_da":"","cintura_a":"","catcintura":"Rossa (2° Kup) -> Nera 9° Dan","catpeso":"-45","nome":"Tola Riccardo","societa":"taekwondo onda blu A.S.D."},{"sesso":"M","cateta":"Cadetti A","cintura_da":"","cintura_a":"","catcintura":"Rossa (2° Kup) -> Nera 9° Dan","catpeso":"-49","nome":"Antoci Damiano","societa":"ASD PRIMAVERA TAEKWONDO"},{"sesso":"M","cateta":"Cadetti A","cintura_da":"","cintura_a":"","catcintura":"Rossa (2° Kup) -> Nera 9° Dan","catpeso":"-49","nome":"Arnesano Matteo","societa":"ASD CENTRO OLIMPICO TKD NUZZO"},{"sesso":"M","cateta":"Cadetti A","cintura_da":"","cintura_a":"","catcintura":"Rossa (2° Kup) -> Nera 9° Dan","catpeso":"-49","nome":"Biagi Paolo","societa":"A.S.D. Dinamico Taekwondo"},{"sesso":"M","cateta":"Cadetti A","cintura_da":"","cintura_a":"","catcintura":"Rossa (2° Kup) -> Nera 9° Dan","catpeso":"-49","nome":"Castaldo Michele","societa":"ASD CONDOR"},{"sesso":"M","cateta":"Cadetti A","cintura_da":"","cintura_a":"","catcintura":"Rossa (2° Kup) -> Nera 9° Dan","catpeso":"-49","nome":"Ceccherini Lorenzo","societa":"A.S.D. NRGYM TAEKWONDO AREZZO"},{"sesso":"M","cateta":"Cadetti A","cintura_da":"","cintura_a":"","catcintura":"Rossa (2° Kup) -> Nera 9° Dan","catpeso":"-49","nome":"Ceruso Lucio","societa":"ASD TAEKWONDO AVELLINO"},{"sesso":"M","cateta":"Cadetti A","cintura_da":"","cintura_a":"","catcintura":"Rossa (2° Kup) -> Nera 9° Dan","catpeso":"-49","nome":"Chimienti Giuseppe","societa":"A.S.D KIM YU SIN Palo del Colle (BA)"},{"sesso":"M","cateta":"Cadetti A","cintura_da":"","cintura_a":"","catcintura":"Rossa (2° Kup) -> Nera 9° Dan","catpeso":"-49","nome":"D'alessandro Emilio","societa":"GYMNASIUM CLUB"},{"sesso":"M","cateta":"Cadetti A","cintura_da":"","cintura_a":"","catcintura":"Rossa (2° Kup) -> Nera 9° Dan","catpeso":"-49","nome":"De Pascale Raj Kumar","societa":"CENTRO AZZURRO 2 AFRAGOLA"},{"sesso":"M","cateta":"Cadetti A","cintura_da":"","cintura_a":"","catcintura":"Rossa (2° Kup) -> Nera 9° Dan","catpeso":"-49","nome":"Destito Domenico","societa":"ASD ATHLON"},{"sesso":"M","cateta":"Cadetti A","cintura_da":"","cintura_a":"","catcintura":"Rossa (2° Kup) -> Nera 9° Dan","catpeso":"-49","nome":"Di Cristofalo Alessandro","societa":"g.s. ff.oo."},{"sesso":"M","cateta":"Cadetti A","cintura_da":"","cintura_a":"","catcintura":"Rossa (2° Kup) -> Nera 9° Dan","catpeso":"-49","nome":"Di Pastena Enrico","societa":"a.s.d. TAEKWONDO 16"},{"sesso":"M","cateta":"Cadetti A","cintura_da":"","cintura_a":"","catcintura":"Rossa (2° Kup) -> Nera 9° Dan","catpeso":"-49","nome":"Dragnea Robert","societa":"A.S.D. HYDRA TKD FRANCOFONTE"},{"sesso":"M","cateta":"Cadetti A","cintura_da":"","cintura_a":"","catcintura":"Rossa (2° Kup) -> Nera 9° Dan","catpeso":"-49","nome":"Eccheddu Jacopo","societa":"A.S.D. Dinamico Taekwondo"},{"sesso":"M","cateta":"Cadetti A","cintura_da":"","cintura_a":"","catcintura":"Rossa (2° Kup) -> Nera 9° Dan","catpeso":"-49","nome":"Fagnani Daniel","societa":"ASD AESSE TAEKWONDO ACADEMY "},{"sesso":"M","cateta":"Cadetti A","cintura_da":"","cintura_a":"","catcintura":"Rossa (2° Kup) -> Nera 9° Dan","catpeso":"-49","nome":"Farris Marco","societa":"A.S.D. TAEKWONDO ELMAS"},{"sesso":"M","cateta":"Cadetti A","cintura_da":"","cintura_a":"","catcintura":"Rossa (2° Kup) -> Nera 9° Dan","catpeso":"-49","nome":"Gattazzo Giovanni","societa":"Accademia TKD LUPI Veneto"},{"sesso":"M","cateta":"Cadetti A","cintura_da":"","cintura_a":"","catcintura":"Rossa (2° Kup) -> Nera 9° Dan","catpeso":"-49","nome":"Grussu Gianluca","societa":"ASD Fit Style "},{"sesso":"M","cateta":"Cadetti A","cintura_da":"","cintura_a":"","catcintura":"Rossa (2° Kup) -> Nera 9° Dan","catpeso":"-49","nome":"Impinna Andres","societa":"a.s.d. TAEKWONDO DRAGON"},{"sesso":"M","cateta":"Cadetti A","cintura_da":"","cintura_a":"","catcintura":"Rossa (2° Kup) -> Nera 9° Dan","catpeso":"-49","nome":"Leuzzi Lorenzo","societa":"Fun Sport Center Catanzaro"},{"sesso":"M","cateta":"Cadetti A","cintura_da":"","cintura_a":"","catcintura":"Rossa (2° Kup) -> Nera 9° Dan","catpeso":"-49","nome":"Lionetti Matteo","societa":"G.S.San Bartolomeo di Staglieno"},{"sesso":"M","cateta":"Cadetti A","cintura_da":"","cintura_a":"","catcintura":"Rossa (2° Kup) -> Nera 9° Dan","catpeso":"-49","nome":"Manieri Mauro","societa":"Centro TKD Ascanio"},{"sesso":"M","cateta":"Cadetti A","cintura_da":"","cintura_a":"","catcintura":"Rossa (2° Kup) -> Nera 9° Dan","catpeso":"-49","nome":"Millefiori Alex","societa":"a.s.d. TAEKWONDO 16"},{"sesso":"M","cateta":"Cadetti A","cintura_da":"","cintura_a":"","catcintura":"Rossa (2° Kup) -> Nera 9° Dan","catpeso":"-49","nome":"Palumbo Vincenzo","societa":"FUTURAMA"},{"sesso":"M","cateta":"Cadetti A","cintura_da":"","cintura_a":"","catcintura":"Rossa (2° Kup) -> Nera 9° Dan","catpeso":"-49","nome":"Pilunni Alessandro","societa":"ACCADEMIA DEL TAEKWONDO "},{"sesso":"M","cateta":"Cadetti A","cintura_da":"","cintura_a":"","catcintura":"Rossa (2° Kup) -> Nera 9° Dan","catpeso":"-49","nome":"Polizzi Aldo Riccardo","societa":"A.S.D. TKD OLYMPIC'S GLADIATORS"},{"sesso":"M","cateta":"Cadetti A","cintura_da":"","cintura_a":"","catcintura":"Rossa (2° Kup) -> Nera 9° Dan","catpeso":"-49","nome":"Razzu Matteo","societa":"CENTRO TKD PALAU"},{"sesso":"M","cateta":"Cadetti A","cintura_da":"","cintura_a":"","catcintura":"Rossa (2° Kup) -> Nera 9° Dan","catpeso":"-49","nome":"Romagnoli Filippo","societa":"LIBERTAS TKD CLUB JESI"},{"sesso":"M","cateta":"Cadetti A","cintura_da":"","cintura_a":"","catcintura":"Rossa (2° Kup) -> Nera 9° Dan","catpeso":"-49","nome":"Sarnacchiaro Ferdinando","societa":"CENTRO AZZURRO 2 AFRAGOLA"},{"sesso":"M","cateta":"Cadetti A","cintura_da":"","cintura_a":"","catcintura":"Rossa (2° Kup) -> Nera 9° Dan","catpeso":"-49","nome":"Tiano Giovanni","societa":"asd squadra mediterranea"},{"sesso":"M","cateta":"Cadetti A","cintura_da":"","cintura_a":"","catcintura":"Rossa (2° Kup) -> Nera 9° Dan","catpeso":"-49","nome":"Vaccarino Salvatore","societa":"A.S.D. Tiger's Den"},{"sesso":"M","cateta":"Cadetti A","cintura_da":"","cintura_a":"","catcintura":"Rossa (2° Kup) -> Nera 9° Dan","catpeso":"-53","nome":"Barbaro Ezechiele","societa":"A.S.D. HYDRA TKD FRANCOFONTE"},{"sesso":"M","cateta":"Cadetti A","cintura_da":"","cintura_a":"","catcintura":"Rossa (2° Kup) -> Nera 9° Dan","catpeso":"-53","nome":"Bocchini Nicolo'","societa":"LIBERTAS TKD CLUB JESI"},{"sesso":"M","cateta":"Cadetti A","cintura_da":"","cintura_a":"","catcintura":"Rossa (2° Kup) -> Nera 9° Dan","catpeso":"-53","nome":"Bonino Matteo","societa":"A.S.D. White Fox TaeKwonDo Piemonte"},{"sesso":"M","cateta":"Cadetti A","cintura_da":"","cintura_a":"","catcintura":"Rossa (2° Kup) -> Nera 9° Dan","catpeso":"-53","nome":"Bottino Francesco","societa":"A.S.D. LANTERNA TAEKWONDO GENOVA"},{"sesso":"M","cateta":"Cadetti A","cintura_da":"","cintura_a":"","catcintura":"Rossa (2° Kup) -> Nera 9° Dan","catpeso":"-53","nome":"Carta Damiano","societa":"tkd Perdasdefogu"},{"sesso":"M","cateta":"Cadetti A","cintura_da":"","cintura_a":"","catcintura":"Rossa (2° Kup) -> Nera 9° Dan","catpeso":"-53","nome":"Ciro Caputo","societa":"asd TAEKWONDO OLIMPIC CATTOLICA"},{"sesso":"M","cateta":"Cadetti A","cintura_da":"","cintura_a":"","catcintura":"Rossa (2° Kup) -> Nera 9° Dan","catpeso":"-53","nome":"Cotturone Federico","societa":"A.S.D. CENTRO TAEKWONDO CELANO"},{"sesso":"M","cateta":"Cadetti A","cintura_da":"","cintura_a":"","catcintura":"Rossa (2° Kup) -> Nera 9° Dan","catpeso":"-53","nome":"De Carlo Gabriele","societa":"A.S.D KIM YU SIN Palo del Colle (BA)"},{"sesso":"M","cateta":"Cadetti A","cintura_da":"","cintura_a":"","catcintura":"Rossa (2° Kup) -> Nera 9° Dan","catpeso":"-53","nome":"De Rosa Filippo","societa":"Accademia TKD LUPI Veneto"},{"sesso":"M","cateta":"Cadetti A","cintura_da":"","cintura_a":"","catcintura":"Rossa (2° Kup) -> Nera 9° Dan","catpeso":"-53","nome":"Dinu Matei Gabriel","societa":"A.S.D. CENTRO TAEKWONDO SAN SPERATE"},{"sesso":"M","cateta":"Cadetti A","cintura_da":"","cintura_a":"","catcintura":"Rossa (2° Kup) -> Nera 9° Dan","catpeso":"-53","nome":"Falco Antonio","societa":"A.S.D. AERODANCE SPORT LIBERTAS"},{"sesso":"M","cateta":"Cadetti A","cintura_da":"","cintura_a":"","catcintura":"Rossa (2° Kup) -> Nera 9° Dan","catpeso":"-53","nome":"Galdiero Davide","societa":"A.S.D. CANGURO"},{"sesso":"M","cateta":"Cadetti A","cintura_da":"","cintura_a":"","catcintura":"Rossa (2° Kup) -> Nera 9° Dan","catpeso":"-53","nome":"Galfano Luca","societa":"ASD Fighter Taekwondo Sicilia"},{"sesso":"M","cateta":"Cadetti A","cintura_da":"","cintura_a":"","catcintura":"Rossa (2° Kup) -> Nera 9° Dan","catpeso":"-53","nome":"Gamboni Leonardo","societa":"A.S.D. HWARANG SPORTING CLUB"},{"sesso":"M","cateta":"Cadetti A","cintura_da":"","cintura_a":"","catcintura":"Rossa (2° Kup) -> Nera 9° Dan","catpeso":"-53","nome":"Glaviano Lorenzo","societa":"a.s.d. Musado Velletri"},{"sesso":"M","cateta":"Cadetti A","cintura_da":"","cintura_a":"","catcintura":"Rossa (2° Kup) -> Nera 9° Dan","catpeso":"-53","nome":"Longoni Mattia","societa":"ASD FITNESS TAEKWONDO"},{"sesso":"M","cateta":"Cadetti A","cintura_da":"","cintura_a":"","catcintura":"Rossa (2° Kup) -> Nera 9° Dan","catpeso":"-53","nome":"Margarit Alin","societa":"Fun Sport Center Catanzaro"},{"sesso":"M","cateta":"Cadetti A","cintura_da":"","cintura_a":"","catcintura":"Rossa (2° Kup) -> Nera 9° Dan","catpeso":"-53","nome":"Marulli Umberto","societa":"A.S.D. Taekwondo Sport Academy"},{"sesso":"M","cateta":"Cadetti A","cintura_da":"","cintura_a":"","catcintura":"Rossa (2° Kup) -> Nera 9° Dan","catpeso":"-53","nome":"Mugnano Lorenzo","societa":"a.s.d. Centro Taekwondo Ostia"},{"sesso":"M","cateta":"Cadetti A","cintura_da":"","cintura_a":"","catcintura":"Rossa (2° Kup) -> Nera 9° Dan","catpeso":"-53","nome":"Pezzolla Jason","societa":"Centro Tkd Pezzolla (Lazio)"},{"sesso":"M","cateta":"Cadetti A","cintura_da":"","cintura_a":"","catcintura":"Rossa (2° Kup) -> Nera 9° Dan","catpeso":"-53","nome":"Pezzolla Giosue","societa":"Centro Tkd Pezzolla (Lazio)"},{"sesso":"M","cateta":"Cadetti A","cintura_da":"","cintura_a":"","catcintura":"Rossa (2° Kup) -> Nera 9° Dan","catpeso":"-53","nome":"Pinter Lukas","societa":"Zadra-fighting ASV"},{"sesso":"M","cateta":"Cadetti A","cintura_da":"","cintura_a":"","catcintura":"Rossa (2° Kup) -> Nera 9° Dan","catpeso":"-53","nome":"Rodic Leonid","societa":"A.S.D. HWARANG SPORTING CLUB"},{"sesso":"M","cateta":"Cadetti A","cintura_da":"","cintura_a":"","catcintura":"Rossa (2° Kup) -> Nera 9° Dan","catpeso":"-53","nome":"Romeo Francesco","societa":"A.S.D. Taekwondo Sport Academy"},{"sesso":"M","cateta":"Cadetti A","cintura_da":"","cintura_a":"","catcintura":"Rossa (2° Kup) -> Nera 9° Dan","catpeso":"-53","nome":"Rosati Michele","societa":"TAEKWONDOLIMPICO GENOVA"},{"sesso":"M","cateta":"Cadetti A","cintura_da":"","cintura_a":"","catcintura":"Rossa (2° Kup) -> Nera 9° Dan","catpeso":"-53","nome":"Scarfone Samuel","societa":"Fun Sport Center Catanzaro"},{"sesso":"M","cateta":"Cadetti A","cintura_da":"","cintura_a":"","catcintura":"Rossa (2° Kup) -> Nera 9° Dan","catpeso":"-53","nome":"Seu Giovanni","societa":"ASD FITNESS TAEKWONDO"},{"sesso":"M","cateta":"Cadetti A","cintura_da":"","cintura_a":"","catcintura":"Rossa (2° Kup) -> Nera 9° Dan","catpeso":"-53","nome":"Vassallo Luigi","societa":"A.S.D. AERODANCE SPORT LIBERTAS"},{"sesso":"M","cateta":"Cadetti A","cintura_da":"","cintura_a":"","catcintura":"Rossa (2° Kup) -> Nera 9° Dan","catpeso":"-57","nome":"Aiello Francesco","societa":"A.S.D. TKD OLYMPIC'S GLADIATORS"},{"sesso":"M","cateta":"Cadetti A","cintura_da":"","cintura_a":"","catcintura":"Rossa (2° Kup) -> Nera 9° Dan","catpeso":"-57","nome":"Birti Alessandro","societa":"A.S.D. TAEKWONDO FREE SPIRIT TRIESTE"},{"sesso":"M","cateta":"Cadetti A","cintura_da":"","cintura_a":"","catcintura":"Rossa (2° Kup) -> Nera 9° Dan","catpeso":"-57","nome":"Cascas Giovannigiacomo","societa":"centro tkd kukkiwon"},{"sesso":"M","cateta":"Cadetti A","cintura_da":"","cintura_a":"","catcintura":"Rossa (2° Kup) -> Nera 9° Dan","catpeso":"-57","nome":"Cosenza Alessio","societa":"A.S.D. Taekwondo Smile"},{"sesso":"M","cateta":"Cadetti A","cintura_da":"","cintura_a":"","catcintura":"Rossa (2° Kup) -> Nera 9° Dan","catpeso":"-57","nome":"De Filippis Michelangelo","societa":"A.S.D. Bentis"},{"sesso":"M","cateta":"Cadetti A","cintura_da":"","cintura_a":"","catcintura":"Rossa (2° Kup) -> Nera 9° Dan","catpeso":"-57","nome":"Ferrara Raffaele","societa":"TAEKWONDO GOLD TEAM"},{"sesso":"M","cateta":"Cadetti A","cintura_da":"","cintura_a":"","catcintura":"Rossa (2° Kup) -> Nera 9° Dan","catpeso":"-57","nome":"Ferrari Emanuele","societa":"TAEKWONDOLIMPICO GENOVA"},{"sesso":"M","cateta":"Cadetti A","cintura_da":"","cintura_a":"","catcintura":"Rossa (2° Kup) -> Nera 9° Dan","catpeso":"-57","nome":"Giacalone Federico","societa":"A.S.D. SCUOLA TAEKWONDO ANGILERI"},{"sesso":"M","cateta":"Cadetti A","cintura_da":"","cintura_a":"","catcintura":"Rossa (2° Kup) -> Nera 9° Dan","catpeso":"-57","nome":"Guarna Giuseppe","societa":"ASD ATHLON"},{"sesso":"M","cateta":"Cadetti A","cintura_da":"","cintura_a":"","catcintura":"Rossa (2° Kup) -> Nera 9° Dan","catpeso":"-57","nome":"Maggio Antonino","societa":"CENTRO TAEKWONDO BARCELLONA"},{"sesso":"M","cateta":"Cadetti A","cintura_da":"","cintura_a":"","catcintura":"Rossa (2° Kup) -> Nera 9° Dan","catpeso":"-57","nome":"Manzo Daniele","societa":"A.S.D. LANTERNA TAEKWONDO GENOVA"},{"sesso":"M","cateta":"Cadetti A","cintura_da":"","cintura_a":"","catcintura":"Rossa (2° Kup) -> Nera 9° Dan","catpeso":"-57","nome":"Marzolla Riccardo","societa":"A.s.d. Taekwondo ManS?"},{"sesso":"M","cateta":"Cadetti A","cintura_da":"","cintura_a":"","catcintura":"Rossa (2° Kup) -> Nera 9° Dan","catpeso":"-57","nome":"Moretti Salvatore","societa":"ASD taekwondo Mister 3"},{"sesso":"M","cateta":"Cadetti A","cintura_da":"","cintura_a":"","catcintura":"Rossa (2° Kup) -> Nera 9° Dan","catpeso":"-57","nome":"Musico' Rosario Matteo","societa":"GYMNASIUM CLUB"},{"sesso":"M","cateta":"Cadetti A","cintura_da":"","cintura_a":"","catcintura":"Rossa (2° Kup) -> Nera 9° Dan","catpeso":"-57","nome":"Osorio Alessandro","societa":"asd TAEKWONDO OLIMPIC CATTOLICA"},{"sesso":"M","cateta":"Cadetti A","cintura_da":"","cintura_a":"","catcintura":"Rossa (2° Kup) -> Nera 9° Dan","catpeso":"-57","nome":"Pagano Luca","societa":"d&f Arabesque"},{"sesso":"M","cateta":"Cadetti A","cintura_da":"","cintura_a":"","catcintura":"Rossa (2° Kup) -> Nera 9° Dan","catpeso":"-57","nome":"Soro Salvatore","societa":"Polisportiva Barbagia di Ollolai"},{"sesso":"M","cateta":"Cadetti A","cintura_da":"","cintura_a":"","catcintura":"Rossa (2° Kup) -> Nera 9° Dan","catpeso":"-57","nome":"Spezzigu Angelo","societa":"A.S.D. Dinamico Taekwondo"},{"sesso":"M","cateta":"Cadetti A","cintura_da":"","cintura_a":"","catcintura":"Rossa (2° Kup) -> Nera 9° Dan","catpeso":"-57","nome":"Straolzini Alessandro","societa":"a.s.d. TAEKWONDO 16"},{"sesso":"M","cateta":"Cadetti A","cintura_da":"","cintura_a":"","catcintura":"Rossa (2° Kup) -> Nera 9° Dan","catpeso":"-61","nome":"Bellomo Giuseppe","societa":"A.S.D. SCUOLA TAEKWONDO ANGILERI"},{"sesso":"M","cateta":"Cadetti A","cintura_da":"","cintura_a":"","catcintura":"Rossa (2° Kup) -> Nera 9° Dan","catpeso":"-61","nome":"Biagi Dennis","societa":"A.S.D. TAEKWONDO FREE SPIRIT TRIESTE"},{"sesso":"M","cateta":"Cadetti A","cintura_da":"","cintura_a":"","catcintura":"Rossa (2° Kup) -> Nera 9° Dan","catpeso":"-61","nome":"Biolo Alessandro","societa":"Accademia TKD LUPI Veneto"},{"sesso":"M","cateta":"Cadetti A","cintura_da":"","cintura_a":"","catcintura":"Rossa (2° Kup) -> Nera 9° Dan","catpeso":"-61","nome":"Cinieri Samuele","societa":"ASD NEW MARZIAL MESAGNE"},{"sesso":"M","cateta":"Cadetti A","cintura_da":"","cintura_a":"","catcintura":"Rossa (2° Kup) -> Nera 9° Dan","catpeso":"-61","nome":"Cinquemani Flavio","societa":"A.S.D. CHAMPIONS TKD LO IACONO"},{"sesso":"M","cateta":"Cadetti A","cintura_da":"","cintura_a":"","catcintura":"Rossa (2° Kup) -> Nera 9° Dan","catpeso":"-61","nome":"Lolli Antonio","societa":"ASD CENTRO OLIMPICO TKD NUZZO"},{"sesso":"M","cateta":"Cadetti A","cintura_da":"","cintura_a":"","catcintura":"Rossa (2° Kup) -> Nera 9° Dan","catpeso":"-61","nome":"Maglione Valentino","societa":"asd squadra mediterranea"},{"sesso":"M","cateta":"Cadetti A","cintura_da":"","cintura_a":"","catcintura":"Rossa (2° Kup) -> Nera 9° Dan","catpeso":"-61","nome":"Marinaro Marco","societa":"A.S.D. Taekwondo Sport Academy"},{"sesso":"M","cateta":"Cadetti A","cintura_da":"","cintura_a":"","catcintura":"Rossa (2° Kup) -> Nera 9° Dan","catpeso":"-61","nome":"Pavoni Daniele","societa":"asd Sportesercito"},{"sesso":"M","cateta":"Cadetti A","cintura_da":"","cintura_a":"","catcintura":"Rossa (2° Kup) -> Nera 9° Dan","catpeso":"-61","nome":"Provino Gabriele","societa":"A.S.D. TKD OLYMPIC'S GLADIATORS"},{"sesso":"M","cateta":"Cadetti A","cintura_da":"","cintura_a":"","catcintura":"Rossa (2° Kup) -> Nera 9° Dan","catpeso":"-61","nome":"Santelia Erasmo","societa":"ACCADEMIA DEL TAEKWONDO "},{"sesso":"M","cateta":"Cadetti A","cintura_da":"","cintura_a":"","catcintura":"Rossa (2° Kup) -> Nera 9° Dan","catpeso":"-61","nome":"Sorrentino Cristian","societa":"A.S.D. NRGYM TAEKWONDO AREZZO"},{"sesso":"M","cateta":"Cadetti A","cintura_da":"","cintura_a":"","catcintura":"Rossa (2° Kup) -> Nera 9° Dan","catpeso":"-65","nome":"Carollo Federico Guseppe","societa":"A.S.D. TKD OLYMPIC'S GLADIATORS"},{"sesso":"M","cateta":"Cadetti A","cintura_da":"","cintura_a":"","catcintura":"Rossa (2° Kup) -> Nera 9° Dan","catpeso":"-65","nome":"Cosentino Simone","societa":"centro taekwondo monza"},{"sesso":"M","cateta":"Cadetti A","cintura_da":"","cintura_a":"","catcintura":"Rossa (2° Kup) -> Nera 9° Dan","catpeso":"-65","nome":"Giunta Daniele","societa":"ASD TAEKWONDO LEE"},{"sesso":"M","cateta":"Cadetti A","cintura_da":"","cintura_a":"","catcintura":"Rossa (2° Kup) -> Nera 9° Dan","catpeso":"-65","nome":"Mannu Mauro","societa":"asd taekwondo olmedo"},{"sesso":"M","cateta":"Cadetti A","cintura_da":"","cintura_a":"","catcintura":"Rossa (2° Kup) -> Nera 9° Dan","catpeso":"-65","nome":"Monti Riccardo","societa":"A.S.D. Taekwondo Smile"},{"sesso":"M","cateta":"Cadetti A","cintura_da":"","cintura_a":"","catcintura":"Rossa (2° Kup) -> Nera 9° Dan","catpeso":"-65","nome":"Munteanu Ivan","societa":"Tkd Competition (Lazio)"},{"sesso":"M","cateta":"Cadetti A","cintura_da":"","cintura_a":"","catcintura":"Rossa (2° Kup) -> Nera 9° Dan","catpeso":"-65","nome":"Riondino Andrea","societa":"S.T.N.SCUOLA TAEKWONDO NOLANO"},{"sesso":"M","cateta":"Cadetti A","cintura_da":"","cintura_a":"","catcintura":"Rossa (2° Kup) -> Nera 9° Dan","catpeso":"+65","nome":"Asaro Riccardo","societa":"a.s.d.taekwondo2000"},{"sesso":"M","cateta":"Cadetti A","cintura_da":"","cintura_a":"","catcintura":"Rossa (2° Kup) -> Nera 9° Dan","catpeso":"+65","nome":"Cerasoli Fabio","societa":"A.S.D. CENTRO TAEKWONDO CELANO"},{"sesso":"M","cateta":"Cadetti A","cintura_da":"","cintura_a":"","catcintura":"Rossa (2° Kup) -> Nera 9° Dan","catpeso":"+65","nome":"Coniglio Filippo Domenico","societa":"S.T.N.SCUOLA TAEKWONDO NOLANO"},{"sesso":"M","cateta":"Cadetti A","cintura_da":"","cintura_a":"","catcintura":"Rossa (2° Kup) -> Nera 9° Dan","catpeso":"+65","nome":"Dau Gabriele","societa":"ASD taekwondo Mister 3"},{"sesso":"M","cateta":"Cadetti A","cintura_da":"","cintura_a":"","catcintura":"Rossa (2° Kup) -> Nera 9° Dan","catpeso":"+65","nome":"Marano Biagio","societa":"A.S.D. CANGURO"},{"sesso":"M","cateta":"Cadetti A","cintura_da":"","cintura_a":"","catcintura":"Rossa (2° Kup) -> Nera 9° Dan","catpeso":"+65","nome":"Martina Mattia","societa":"TAEKWONDO GOLD TEAM"},{"sesso":"M","cateta":"Cadetti A","cintura_da":"","cintura_a":"","catcintura":"Rossa (2° Kup) -> Nera 9° Dan","catpeso":"+65","nome":"Menciassi Giovanni","societa":"A.S.D. SCUOLA TAEKWONDO ANGILERI"},{"sesso":"M","cateta":"Cadetti A","cintura_da":"","cintura_a":"","catcintura":"Rossa (2° Kup) -> Nera 9° Dan","catpeso":"+65","nome":"Tibaldi Mattia","societa":"ASD CENTRO TAEKWONDO SCAURI"},{"sesso":"M","cateta":"Cadetti A","cintura_da":"","cintura_a":"","catcintura":"Rossa (2° Kup) -> Nera 9° Dan","catpeso":"+65","nome":"Zadra Alexander","societa":"Zadra-fighting ASV"},{"sesso":"F","cateta":"Cadetti A","cintura_da":"","cintura_a":"","catcintura":"Rossa (2° Kup) -> Nera 9° Dan","catpeso":"-29","nome":"Baglivo Ashley","societa":"ASD NEW MARZIAL MESAGNE"},{"sesso":"F","cateta":"Cadetti A","cintura_da":"","cintura_a":"","catcintura":"Rossa (2° Kup) -> Nera 9° Dan","catpeso":"-33","nome":"Fettolini Netsanet","societa":"CENTRO TKD PALAU"},{"sesso":"F","cateta":"Cadetti A","cintura_da":"","cintura_a":"","catcintura":"Rossa (2° Kup) -> Nera 9° Dan","catpeso":"-33","nome":"Fontana Marta","societa":"A.S.D. TKD OLYMPIC'S GLADIATORS"},{"sesso":"F","cateta":"Cadetti A","cintura_da":"","cintura_a":"","catcintura":"Rossa (2° Kup) -> Nera 9° Dan","catpeso":"-33","nome":"Palma Vittoria","societa":"ASD POLISPORTIVA AMICIZIA TKD"},{"sesso":"F","cateta":"Cadetti A","cintura_da":"","cintura_a":"","catcintura":"Rossa (2° Kup) -> Nera 9° Dan","catpeso":"-33","nome":"Pesce Martina","societa":"ASD NEW MARZIAL MESAGNE"},{"sesso":"F","cateta":"Cadetti A","cintura_da":"","cintura_a":"","catcintura":"Rossa (2° Kup) -> Nera 9° Dan","catpeso":"-33","nome":"Spagnoletti Sophia","societa":"taekwondo rozzano"},{"sesso":"F","cateta":"Cadetti A","cintura_da":"","cintura_a":"","catcintura":"Rossa (2° Kup) -> Nera 9° Dan","catpeso":"-37","nome":"Aversa Giada","societa":"Ciong Ryong Roma"},{"sesso":"F","cateta":"Cadetti A","cintura_da":"","cintura_a":"","catcintura":"Rossa (2° Kup) -> Nera 9° Dan","catpeso":"-37","nome":"Brugola Erica","societa":"SCUOLA TAEKWONDO GENOVA"},{"sesso":"F","cateta":"Cadetti A","cintura_da":"","cintura_a":"","catcintura":"Rossa (2° Kup) -> Nera 9° Dan","catpeso":"-37","nome":"Bruno Giulia","societa":"g.s. ff.oo."},{"sesso":"F","cateta":"Cadetti A","cintura_da":"","cintura_a":"","catcintura":"Rossa (2° Kup) -> Nera 9° Dan","catpeso":"-37","nome":"Camarda Laura","societa":"A.S.D. Taekwondo Sport Academy"},{"sesso":"F","cateta":"Cadetti A","cintura_da":"","cintura_a":"","catcintura":"Rossa (2° Kup) -> Nera 9° Dan","catpeso":"-37","nome":"Carta Aurora","societa":"A.S.D. Dinamico Taekwondo"},{"sesso":"F","cateta":"Cadetti A","cintura_da":"","cintura_a":"","catcintura":"Rossa (2° Kup) -> Nera 9° Dan","catpeso":"-37","nome":"Ladduca Martina","societa":"g.s. ff.oo."},{"sesso":"F","cateta":"Cadetti A","cintura_da":"","cintura_a":"","catcintura":"Rossa (2° Kup) -> Nera 9° Dan","catpeso":"-37","nome":"Lamarmora Alessia","societa":"ASD NEW MARZIAL MESAGNE"},{"sesso":"F","cateta":"Cadetti A","cintura_da":"","cintura_a":"","catcintura":"Rossa (2° Kup) -> Nera 9° Dan","catpeso":"-37","nome":"Legari Noemi","societa":"A.S.D TAEKWONDO TRICOLORE"},{"sesso":"F","cateta":"Cadetti A","cintura_da":"","cintura_a":"","catcintura":"Rossa (2° Kup) -> Nera 9° Dan","catpeso":"-37","nome":"Lezzi Chiara","societa":"Centro TKD Ascanio"},{"sesso":"F","cateta":"Cadetti A","cintura_da":"","cintura_a":"","catcintura":"Rossa (2° Kup) -> Nera 9° Dan","catpeso":"-37","nome":"Meneghel Giorgia","societa":"a.s.d. TAEKWONDO 16"},{"sesso":"F","cateta":"Cadetti A","cintura_da":"","cintura_a":"","catcintura":"Rossa (2° Kup) -> Nera 9° Dan","catpeso":"-37","nome":"Nicoletti Alessandra","societa":"ASD Centro Taekwondo Olbia"},{"sesso":"F","cateta":"Cadetti A","cintura_da":"","cintura_a":"","catcintura":"Rossa (2° Kup) -> Nera 9° Dan","catpeso":"-41","nome":"Barattoni Silvia","societa":"S.T.N.SCUOLA TAEKWONDO NOLANO"},{"sesso":"F","cateta":"Cadetti A","cintura_da":"","cintura_a":"","catcintura":"Rossa (2° Kup) -> Nera 9° Dan","catpeso":"-41","nome":"Bernardi Brigida","societa":"sport village genova"},{"sesso":"F","cateta":"Cadetti A","cintura_da":"","cintura_a":"","catcintura":"Rossa (2° Kup) -> Nera 9° Dan","catpeso":"-41","nome":"Budroni Francesca","societa":"A..S.D. ASTROCLUB"},{"sesso":"F","cateta":"Cadetti A","cintura_da":"","cintura_a":"","catcintura":"Rossa (2° Kup) -> Nera 9° Dan","catpeso":"-41","nome":"Callini Livia","societa":"Centro Tkd Pezzolla (Lazio)"},{"sesso":"F","cateta":"Cadetti A","cintura_da":"","cintura_a":"","catcintura":"Rossa (2° Kup) -> Nera 9° Dan","catpeso":"-41","nome":"Campanella Noemi","societa":"G.S.San Bartolomeo di Staglieno"},{"sesso":"F","cateta":"Cadetti A","cintura_da":"","cintura_a":"","catcintura":"Rossa (2° Kup) -> Nera 9° Dan","catpeso":"-41","nome":"Cecchi Linda","societa":"edera tkd forli"},{"sesso":"F","cateta":"Cadetti A","cintura_da":"","cintura_a":"","catcintura":"Rossa (2° Kup) -> Nera 9° Dan","catpeso":"-41","nome":"Cotturone Giulia","societa":"A.S.D. CENTRO TAEKWONDO CELANO"},{"sesso":"F","cateta":"Cadetti A","cintura_da":"","cintura_a":"","catcintura":"Rossa (2° Kup) -> Nera 9° Dan","catpeso":"-41","nome":"D Agnano Rebecca","societa":"ASD POLISPORTIVA AMICIZIA TKD"},{"sesso":"F","cateta":"Cadetti A","cintura_da":"","cintura_a":"","catcintura":"Rossa (2° Kup) -> Nera 9° Dan","catpeso":"-41","nome":"Franco Mariaclara","societa":"ASD POLISPORTIVA AMICIZIA TKD"},{"sesso":"F","cateta":"Cadetti A","cintura_da":"","cintura_a":"","catcintura":"Rossa (2° Kup) -> Nera 9° Dan","catpeso":"-41","nome":"Koreba Veronica","societa":"ACCADEMIA DEL TAEKWONDO "},{"sesso":"F","cateta":"Cadetti A","cintura_da":"","cintura_a":"","catcintura":"Rossa (2° Kup) -> Nera 9° Dan","catpeso":"-41","nome":"Manzolli Noemi","societa":"a.s.d. TAEKWONDO 16"},{"sesso":"F","cateta":"Cadetti A","cintura_da":"","cintura_a":"","catcintura":"Rossa (2° Kup) -> Nera 9° Dan","catpeso":"-41","nome":"Martina Semprini","societa":"asd TAEKWONDO OLIMPIC CATTOLICA"},{"sesso":"F","cateta":"Cadetti A","cintura_da":"","cintura_a":"","catcintura":"Rossa (2° Kup) -> Nera 9° Dan","catpeso":"-41","nome":"Mazzoni Alessandra","societa":"Centro Tkd Pezzolla (Lazio)"},{"sesso":"F","cateta":"Cadetti A","cintura_da":"","cintura_a":"","catcintura":"Rossa (2° Kup) -> Nera 9° Dan","catpeso":"-41","nome":"Merini Gaia","societa":"a.s.d. Centro Taekwondo Ostia"},{"sesso":"F","cateta":"Cadetti A","cintura_da":"","cintura_a":"","catcintura":"Rossa (2° Kup) -> Nera 9° Dan","catpeso":"-41","nome":"Murru Sara","societa":"a.s.d. Centro Taekwondo Ostia"},{"sesso":"F","cateta":"Cadetti A","cintura_da":"","cintura_a":"","catcintura":"Rossa (2° Kup) -> Nera 9° Dan","catpeso":"-41","nome":"Mussorofo Raffaela Maria","societa":"FUTURAMA"},{"sesso":"F","cateta":"Cadetti A","cintura_da":"","cintura_a":"","catcintura":"Rossa (2° Kup) -> Nera 9° Dan","catpeso":"-41","nome":"Puliafito Tindara","societa":"A.S.D. Tiger's Den"},{"sesso":"F","cateta":"Cadetti A","cintura_da":"","cintura_a":"","catcintura":"Rossa (2° Kup) -> Nera 9° Dan","catpeso":"-41","nome":"Ranieri Nina","societa":"taekwondo rozzano"},{"sesso":"F","cateta":"Cadetti A","cintura_da":"","cintura_a":"","catcintura":"Rossa (2° Kup) -> Nera 9° Dan","catpeso":"-41","nome":"Tupponi Giusy","societa":"A.A.M. NUORO"},{"sesso":"F","cateta":"Cadetti A","cintura_da":"","cintura_a":"","catcintura":"Rossa (2° Kup) -> Nera 9° Dan","catpeso":"-41","nome":"Vuchich Debra","societa":"OLYMPIC TAEKWONDO ALGHERO"},{"sesso":"F","cateta":"Cadetti A","cintura_da":"","cintura_a":"","catcintura":"Rossa (2° Kup) -> Nera 9° Dan","catpeso":"-44","nome":"Al Halwani Elisa","societa":"Taekwondo Club Ancona"},{"sesso":"F","cateta":"Cadetti A","cintura_da":"","cintura_a":"","catcintura":"Rossa (2° Kup) -> Nera 9° Dan","catpeso":"-44","nome":"Bagnato Sofia","societa":"A.S.D Dojang Taekwondo Barcellona P.G"},{"sesso":"F","cateta":"Cadetti A","cintura_da":"","cintura_a":"","catcintura":"Rossa (2° Kup) -> Nera 9° Dan","catpeso":"-44","nome":"Bin Giulia","societa":"CLUB EUROPA"},{"sesso":"F","cateta":"Cadetti A","cintura_da":"","cintura_a":"","catcintura":"Rossa (2° Kup) -> Nera 9° Dan","catpeso":"-44","nome":"Callini Sofia","societa":"Centro Tkd Pezzolla (Lazio)"},{"sesso":"F","cateta":"Cadetti A","cintura_da":"","cintura_a":"","catcintura":"Rossa (2° Kup) -> Nera 9° Dan","catpeso":"-44","nome":"Canalicchio Elisa","societa":"taekwondo onda blu A.S.D."},{"sesso":"F","cateta":"Cadetti A","cintura_da":"","cintura_a":"","catcintura":"Rossa (2° Kup) -> Nera 9° Dan","catpeso":"-44","nome":"Chafoui Ilhame","societa":"edera tkd forli"},{"sesso":"F","cateta":"Cadetti A","cintura_da":"","cintura_a":"","catcintura":"Rossa (2° Kup) -> Nera 9° Dan","catpeso":"-44","nome":"Ciampa Even","societa":"FUTURAMA"},{"sesso":"F","cateta":"Cadetti A","cintura_da":"","cintura_a":"","catcintura":"Rossa (2° Kup) -> Nera 9° Dan","catpeso":"-44","nome":"Cimmarotta Federica","societa":"Sport&Fitness Atene"},{"sesso":"F","cateta":"Cadetti A","cintura_da":"","cintura_a":"","catcintura":"Rossa (2° Kup) -> Nera 9° Dan","catpeso":"-44","nome":"Ciriolo Benedetta","societa":"Centro Tkd Pezzolla (Lazio)"},{"sesso":"F","cateta":"Cadetti A","cintura_da":"","cintura_a":"","catcintura":"Rossa (2° Kup) -> Nera 9° Dan","catpeso":"-44","nome":"Fricano Venera Francesca","societa":"A.S.D. CHAMPIONS TKD LO IACONO"},{"sesso":"F","cateta":"Cadetti A","cintura_da":"","cintura_a":"","catcintura":"Rossa (2° Kup) -> Nera 9° Dan","catpeso":"-44","nome":"Fricano Roberta","societa":"A.S.D. CHAMPIONS TKD LO IACONO"},{"sesso":"F","cateta":"Cadetti A","cintura_da":"","cintura_a":"","catcintura":"Rossa (2° Kup) -> Nera 9° Dan","catpeso":"-44","nome":"Heluani Martina","societa":"ASD TAEKWONDO CASERTA HWA RANG KWAN"},{"sesso":"F","cateta":"Cadetti A","cintura_da":"","cintura_a":"","catcintura":"Rossa (2° Kup) -> Nera 9° Dan","catpeso":"-44","nome":"Introia Aurora","societa":"Polisportiva Barbagia di Ollolai"},{"sesso":"F","cateta":"Cadetti A","cintura_da":"","cintura_a":"","catcintura":"Rossa (2° Kup) -> Nera 9° Dan","catpeso":"-44","nome":"Lagani Nicole","societa":"ASD ATHLON"},{"sesso":"F","cateta":"Cadetti A","cintura_da":"","cintura_a":"","catcintura":"Rossa (2° Kup) -> Nera 9° Dan","catpeso":"-44","nome":"Mattei Elisa","societa":"A.S.D. TAEKWONDO CLUB LATINA"},{"sesso":"F","cateta":"Cadetti A","cintura_da":"","cintura_a":"","catcintura":"Rossa (2° Kup) -> Nera 9° Dan","catpeso":"-44","nome":"Nario Mary Angeline","societa":"SCUOLA TAEKWONDO GENOVA"},{"sesso":"F","cateta":"Cadetti A","cintura_da":"","cintura_a":"","catcintura":"Rossa (2° Kup) -> Nera 9° Dan","catpeso":"-44","nome":"Pace Martina","societa":"CENTRO AZZURRO 2 AFRAGOLA"},{"sesso":"F","cateta":"Cadetti A","cintura_da":"","cintura_a":"","catcintura":"Rossa (2° Kup) -> Nera 9° Dan","catpeso":"-44","nome":"Pagliara Ilaria","societa":"centro tkd di lauro"},{"sesso":"F","cateta":"Cadetti A","cintura_da":"","cintura_a":"","catcintura":"Rossa (2° Kup) -> Nera 9° Dan","catpeso":"-44","nome":"Pieri Matilde","societa":"taekwondo tiger temple"},{"sesso":"F","cateta":"Cadetti A","cintura_da":"","cintura_a":"","catcintura":"Rossa (2° Kup) -> Nera 9° Dan","catpeso":"-44","nome":"Salvatori Morea","societa":"TAEKWONDO MEDICINA"},{"sesso":"F","cateta":"Cadetti A","cintura_da":"","cintura_a":"","catcintura":"Rossa (2° Kup) -> Nera 9° Dan","catpeso":"-44","nome":"Sanna Sofia","societa":"a.s.d. ATHENA ALES"},{"sesso":"F","cateta":"Cadetti A","cintura_da":"","cintura_a":"","catcintura":"Rossa (2° Kup) -> Nera 9° Dan","catpeso":"-44","nome":"Spina Lidia","societa":"taekwondo rozzano"},{"sesso":"F","cateta":"Cadetti A","cintura_da":"","cintura_a":"","catcintura":"Rossa (2° Kup) -> Nera 9° Dan","catpeso":"-44","nome":"Sturari Alessia","societa":"A.P.D. Accademia Dorica"},{"sesso":"F","cateta":"Cadetti A","cintura_da":"","cintura_a":"","catcintura":"Rossa (2° Kup) -> Nera 9° Dan","catpeso":"-44","nome":"Turco Elisabeth","societa":"ASD NEW MARZIAL MESAGNE"},{"sesso":"F","cateta":"Cadetti A","cintura_da":"","cintura_a":"","catcintura":"Rossa (2° Kup) -> Nera 9° Dan","catpeso":"-44","nome":"Vaccari Valentina","societa":"taekwondo club schio"},{"sesso":"F","cateta":"Cadetti A","cintura_da":"","cintura_a":"","catcintura":"Rossa (2° Kup) -> Nera 9° Dan","catpeso":"-44","nome":"Zecchini Azzurra","societa":"ASD NEW MARZIAL MESAGNE"},{"sesso":"F","cateta":"Cadetti A","cintura_da":"","cintura_a":"","catcintura":"Rossa (2° Kup) -> Nera 9° Dan","catpeso":"-47","nome":"Al Halwani Giada","societa":"Taekwondo Club Ancona"},{"sesso":"F","cateta":"Cadetti A","cintura_da":"","cintura_a":"","catcintura":"Rossa (2° Kup) -> Nera 9° Dan","catpeso":"-47","nome":"Atzori Sara","societa":"A.S.D. CENTRO TAEKWONDO SAN SPERATE"},{"sesso":"F","cateta":"Cadetti A","cintura_da":"","cintura_a":"","catcintura":"Rossa (2° Kup) -> Nera 9° Dan","catpeso":"-47","nome":"Bianchi Giulia","societa":"S.T.N.SCUOLA TAEKWONDO NOLANO"},{"sesso":"F","cateta":"Cadetti A","cintura_da":"","cintura_a":"","catcintura":"Rossa (2° Kup) -> Nera 9° Dan","catpeso":"-47","nome":"Cadoni Grazia","societa":"A.A.M. NUORO"},{"sesso":"F","cateta":"Cadetti A","cintura_da":"","cintura_a":"","catcintura":"Rossa (2° Kup) -> Nera 9° Dan","catpeso":"-47","nome":"Dovbysh Isabella","societa":"a.s.d. TAEKWONDO 16"},{"sesso":"F","cateta":"Cadetti A","cintura_da":"","cintura_a":"","catcintura":"Rossa (2° Kup) -> Nera 9° Dan","catpeso":"-47","nome":"Ferrari Alessandra","societa":"SCUOLA TAEKWONDO GENOVA"},{"sesso":"F","cateta":"Cadetti A","cintura_da":"","cintura_a":"","catcintura":"Rossa (2° Kup) -> Nera 9° Dan","catpeso":"-47","nome":"Gurrieri Flavia","societa":"a.s.d. Centro Taekwondo Ostia"},{"sesso":"F","cateta":"Cadetti A","cintura_da":"","cintura_a":"","catcintura":"Rossa (2° Kup) -> Nera 9° Dan","catpeso":"-47","nome":"Harti Laila","societa":"A.S.D. Polisportiva Voltana"},{"sesso":"F","cateta":"Cadetti A","cintura_da":"","cintura_a":"","catcintura":"Rossa (2° Kup) -> Nera 9° Dan","catpeso":"-47","nome":"Kulakowska Magdalena","societa":"S.T.N.SCUOLA TAEKWONDO NOLANO"},{"sesso":"F","cateta":"Cadetti A","cintura_da":"","cintura_a":"","catcintura":"Rossa (2° Kup) -> Nera 9° Dan","catpeso":"-47","nome":"Luccarelli Fabiana","societa":"A.S.D TKD TARANTO "},{"sesso":"F","cateta":"Cadetti A","cintura_da":"","cintura_a":"","catcintura":"Rossa (2° Kup) -> Nera 9° Dan","catpeso":"-47","nome":"Manca Anna","societa":"ASD Fit Style "},{"sesso":"F","cateta":"Cadetti A","cintura_da":"","cintura_a":"","catcintura":"Rossa (2° Kup) -> Nera 9° Dan","catpeso":"-47","nome":"Medda Angelica","societa":"ASD Fit Style "},{"sesso":"F","cateta":"Cadetti A","cintura_da":"","cintura_a":"","catcintura":"Rossa (2° Kup) -> Nera 9° Dan","catpeso":"-47","nome":"Morreale Federica","societa":"A.S.D. TKD OLYMPIC'S GLADIATORS"},{"sesso":"F","cateta":"Cadetti A","cintura_da":"","cintura_a":"","catcintura":"Rossa (2° Kup) -> Nera 9° Dan","catpeso":"-47","nome":"Nuccio Erika","societa":"A.S.D. CHAMPIONS TKD LO IACONO"},{"sesso":"F","cateta":"Cadetti A","cintura_da":"","cintura_a":"","catcintura":"Rossa (2° Kup) -> Nera 9° Dan","catpeso":"-47","nome":"Rossi Alessandra","societa":"T1301014  a.s.d. Olimpica kumgang"},{"sesso":"F","cateta":"Cadetti A","cintura_da":"","cintura_a":"","catcintura":"Rossa (2° Kup) -> Nera 9° Dan","catpeso":"-47","nome":"Scarfone Marialaura","societa":"Fun Sport Center Catanzaro"},{"sesso":"F","cateta":"Cadetti A","cintura_da":"","cintura_a":"","catcintura":"Rossa (2° Kup) -> Nera 9° Dan","catpeso":"-47","nome":"Scarpetta Carmen","societa":"A.S.D. Taekwondo Salerno"},{"sesso":"F","cateta":"Cadetti A","cintura_da":"","cintura_a":"","catcintura":"Rossa (2° Kup) -> Nera 9° Dan","catpeso":"-47","nome":"Sodani Alice","societa":"Centro Tkd Pezzolla (Lazio)"},{"sesso":"F","cateta":"Cadetti A","cintura_da":"","cintura_a":"","catcintura":"Rossa (2° Kup) -> Nera 9° Dan","catpeso":"-47","nome":"Tonin Chiara","societa":"taekwondo club schio"},{"sesso":"F","cateta":"Cadetti A","cintura_da":"","cintura_a":"","catcintura":"Rossa (2° Kup) -> Nera 9° Dan","catpeso":"-47","nome":"Traverso Eleonora","societa":"SCUOLA TAEKWONDO GENOVA"},{"sesso":"F","cateta":"Cadetti A","cintura_da":"","cintura_a":"","catcintura":"Rossa (2° Kup) -> Nera 9° Dan","catpeso":"-47","nome":"Trincia Clara","societa":"ASD PRIMAVERA TAEKWONDO"},{"sesso":"F","cateta":"Cadetti A","cintura_da":"","cintura_a":"","catcintura":"Rossa (2° Kup) -> Nera 9° Dan","catpeso":"-47","nome":"Usai Giada","societa":"A.S.D. CENTRO TAEKWONDO SAN SPERATE"},{"sesso":"F","cateta":"Cadetti A","cintura_da":"","cintura_a":"","catcintura":"Rossa (2° Kup) -> Nera 9° Dan","catpeso":"-47","nome":"Zaia Gloria","societa":"Ciong Ryong Roma"},{"sesso":"F","cateta":"Cadetti A","cintura_da":"","cintura_a":"","catcintura":"Rossa (2° Kup) -> Nera 9° Dan","catpeso":"-51","nome":"Amicucci Giulia","societa":"Centro Tkd Pezzolla (Lazio)"},{"sesso":"F","cateta":"Cadetti A","cintura_da":"","cintura_a":"","catcintura":"Rossa (2° Kup) -> Nera 9° Dan","catpeso":"-51","nome":"Andreatta Martina","societa":"asd taekwondo karisma latina"},{"sesso":"F","cateta":"Cadetti A","cintura_da":"","cintura_a":"","catcintura":"Rossa (2° Kup) -> Nera 9° Dan","catpeso":"-51","nome":"Bianco Marianna","societa":"OLIMPICO CLUB LECCE"},{"sesso":"F","cateta":"Cadetti A","cintura_da":"","cintura_a":"","catcintura":"Rossa (2° Kup) -> Nera 9° Dan","catpeso":"-51","nome":"Buccheri Maria","societa":"g.s. ff.oo."},{"sesso":"F","cateta":"Cadetti A","cintura_da":"","cintura_a":"","catcintura":"Rossa (2° Kup) -> Nera 9° Dan","catpeso":"-51","nome":"Colangelo Dalila","societa":"taekwondo rozzano"},{"sesso":"F","cateta":"Cadetti A","cintura_da":"","cintura_a":"","catcintura":"Rossa (2° Kup) -> Nera 9° Dan","catpeso":"-51","nome":"Dalla Pozza Maria","societa":"taekwondo club schio"},{"sesso":"F","cateta":"Cadetti A","cintura_da":"","cintura_a":"","catcintura":"Rossa (2° Kup) -> Nera 9° Dan","catpeso":"-51","nome":"De Fazio Morena","societa":"ASD TAEKWONDO AVELLINO"},{"sesso":"F","cateta":"Cadetti A","cintura_da":"","cintura_a":"","catcintura":"Rossa (2° Kup) -> Nera 9° Dan","catpeso":"-51","nome":"De Santis Emanuela","societa":"A.S.D. Taekwondo Salerno"},{"sesso":"F","cateta":"Cadetti A","cintura_da":"","cintura_a":"","catcintura":"Rossa (2° Kup) -> Nera 9° Dan","catpeso":"-51","nome":"Deidda Denise","societa":"ASD Fit Style "},{"sesso":"F","cateta":"Cadetti A","cintura_da":"","cintura_a":"","catcintura":"Rossa (2° Kup) -> Nera 9° Dan","catpeso":"-51","nome":"Ferro Benedetta","societa":"CENTRO TAEKWONDO BASELICE"},{"sesso":"F","cateta":"Cadetti A","cintura_da":"","cintura_a":"","catcintura":"Rossa (2° Kup) -> Nera 9° Dan","catpeso":"-51","nome":"Ledda Luisa","societa":"ASD Centro Taekwondo Olbia"},{"sesso":"F","cateta":"Cadetti A","cintura_da":"","cintura_a":"","catcintura":"Rossa (2° Kup) -> Nera 9° Dan","catpeso":"-51","nome":"Libardi Sabrina","societa":"Zadra-fighting ASV"},{"sesso":"F","cateta":"Cadetti A","cintura_da":"","cintura_a":"","catcintura":"Rossa (2° Kup) -> Nera 9° Dan","catpeso":"-51","nome":"Meloni Carlotta","societa":"KTB Sport Zone"},{"sesso":"F","cateta":"Cadetti A","cintura_da":"","cintura_a":"","catcintura":"Rossa (2° Kup) -> Nera 9° Dan","catpeso":"-51","nome":"Roscioli Giulia Sofia","societa":"a.s.d. Centro Taekwondo Ostia"},{"sesso":"F","cateta":"Cadetti A","cintura_da":"","cintura_a":"","catcintura":"Rossa (2° Kup) -> Nera 9° Dan","catpeso":"-51","nome":"Scozzafava Sonia","societa":"Fun Sport Center Catanzaro"},{"sesso":"F","cateta":"Cadetti A","cintura_da":"","cintura_a":"","catcintura":"Rossa (2° Kup) -> Nera 9° Dan","catpeso":"-51","nome":"Seta Barbara","societa":"Centro Tkd Pezzolla (Lazio)"},{"sesso":"F","cateta":"Cadetti A","cintura_da":"","cintura_a":"","catcintura":"Rossa (2° Kup) -> Nera 9° Dan","catpeso":"-51","nome":"Trevisan Anita","societa":"Accademia TKD LUPI Veneto"},{"sesso":"F","cateta":"Cadetti A","cintura_da":"","cintura_a":"","catcintura":"Rossa (2° Kup) -> Nera 9° Dan","catpeso":"-51","nome":"Vuthi Alessia","societa":"SCUOLA TAEKWONDO GENOVA"},{"sesso":"F","cateta":"Cadetti A","cintura_da":"","cintura_a":"","catcintura":"Rossa (2° Kup) -> Nera 9° Dan","catpeso":"-55","nome":"Careddu Eleonora","societa":"A.S.D. SHARDAN TAEKWONDO SINISCOLA"},{"sesso":"F","cateta":"Cadetti A","cintura_da":"","cintura_a":"","catcintura":"Rossa (2° Kup) -> Nera 9° Dan","catpeso":"-55","nome":"Dogaru Daniela","societa":"Olimpic Taekwondo Verona"},{"sesso":"F","cateta":"Cadetti A","cintura_da":"","cintura_a":"","catcintura":"Rossa (2° Kup) -> Nera 9° Dan","catpeso":"-55","nome":"Fabiano Mariangela","societa":"ASD ATHLON"},{"sesso":"F","cateta":"Cadetti A","cintura_da":"","cintura_a":"","catcintura":"Rossa (2° Kup) -> Nera 9° Dan","catpeso":"-55","nome":"Flamini Lorena","societa":"ASD Taekwondo Olimpic Sardegna"},{"sesso":"F","cateta":"Cadetti A","cintura_da":"","cintura_a":"","catcintura":"Rossa (2° Kup) -> Nera 9° Dan","catpeso":"-55","nome":"Grassi Elisa","societa":"ASD OLYMPIC RIANO"},{"sesso":"F","cateta":"Cadetti A","cintura_da":"","cintura_a":"","catcintura":"Rossa (2° Kup) -> Nera 9° Dan","catpeso":"-55","nome":"Manetta Giorgia","societa":"ASD OLYMPIC RIANO"},{"sesso":"F","cateta":"Cadetti A","cintura_da":"","cintura_a":"","catcintura":"Rossa (2° Kup) -> Nera 9° Dan","catpeso":"-55","nome":"Marini Martina","societa":"ASD NEW MARZIAL MESAGNE"},{"sesso":"F","cateta":"Cadetti A","cintura_da":"","cintura_a":"","catcintura":"Rossa (2° Kup) -> Nera 9° Dan","catpeso":"-55","nome":"Marucci Alessia","societa":"CENTRO TAEKWONDO BASELICE"},{"sesso":"F","cateta":"Cadetti A","cintura_da":"","cintura_a":"","catcintura":"Rossa (2° Kup) -> Nera 9° Dan","catpeso":"-55","nome":"Nidasi Emma","societa":"taekwondo rozzano"},{"sesso":"F","cateta":"Cadetti A","cintura_da":"","cintura_a":"","catcintura":"Rossa (2° Kup) -> Nera 9° Dan","catpeso":"-55","nome":"Nuzzo Sara","societa":"ASD CENTRO OLIMPICO TKD NUZZO"},{"sesso":"F","cateta":"Cadetti A","cintura_da":"","cintura_a":"","catcintura":"Rossa (2° Kup) -> Nera 9° Dan","catpeso":"-55","nome":"Piras Greta  Daria","societa":"ASD taekwondo Mister 3"},{"sesso":"F","cateta":"Cadetti A","cintura_da":"","cintura_a":"","catcintura":"Rossa (2° Kup) -> Nera 9° Dan","catpeso":"-55","nome":"Sammarco Giulia","societa":"taekwondo rozzano"},{"sesso":"F","cateta":"Cadetti A","cintura_da":"","cintura_a":"","catcintura":"Rossa (2° Kup) -> Nera 9° Dan","catpeso":"-55","nome":"Scozzafava Fabiana","societa":"Fun Sport Center Catanzaro"},{"sesso":"F","cateta":"Cadetti A","cintura_da":"","cintura_a":"","catcintura":"Rossa (2° Kup) -> Nera 9° Dan","catpeso":"-55","nome":"Scuccia Alessandra","societa":"A.S.D. HYDRA TKD FRANCOFONTE"},{"sesso":"F","cateta":"Cadetti A","cintura_da":"","cintura_a":"","catcintura":"Rossa (2° Kup) -> Nera 9° Dan","catpeso":"-59","nome":"Di Cristina Mariadonata","societa":"A.S.D. TKD OLYMPIC'S GLADIATORS"},{"sesso":"F","cateta":"Cadetti A","cintura_da":"","cintura_a":"","catcintura":"Rossa (2° Kup) -> Nera 9° Dan","catpeso":"-59","nome":"Di Martino Giorgia","societa":"edera tkd forli"},{"sesso":"F","cateta":"Cadetti A","cintura_da":"","cintura_a":"","catcintura":"Rossa (2° Kup) -> Nera 9° Dan","catpeso":"-59","nome":"Fischer Indira","societa":"Zadra-fighting ASV"},{"sesso":"F","cateta":"Cadetti A","cintura_da":"","cintura_a":"","catcintura":"Rossa (2° Kup) -> Nera 9° Dan","catpeso":"-59","nome":"Giunta Giada","societa":"soc coop activa fit sd"},{"sesso":"F","cateta":"Cadetti A","cintura_da":"","cintura_a":"","catcintura":"Rossa (2° Kup) -> Nera 9° Dan","catpeso":"-59","nome":"Mortelliti Gloria","societa":"taekwondo rozzano"},{"sesso":"F","cateta":"Cadetti A","cintura_da":"","cintura_a":"","catcintura":"Rossa (2° Kup) -> Nera 9° Dan","catpeso":"-59","nome":"Placidi Alisia","societa":"Tkd Competition (Lazio)"},{"sesso":"F","cateta":"Cadetti A","cintura_da":"","cintura_a":"","catcintura":"Rossa (2° Kup) -> Nera 9° Dan","catpeso":"-59","nome":"Quattrociocchi Gaia","societa":"backlash academy"},{"sesso":"F","cateta":"Cadetti A","cintura_da":"","cintura_a":"","catcintura":"Rossa (2° Kup) -> Nera 9° Dan","catpeso":"-59","nome":"Ragni Caterina","societa":"Taekwondo Club Ancona"},{"sesso":"F","cateta":"Cadetti A","cintura_da":"","cintura_a":"","catcintura":"Rossa (2° Kup) -> Nera 9° Dan","catpeso":"-59","nome":"Saggese Annamaria","societa":"A.S.D. Gladio Taekwondo"},{"sesso":"F","cateta":"Cadetti A","cintura_da":"","cintura_a":"","catcintura":"Rossa (2° Kup) -> Nera 9° Dan","catpeso":"+59","nome":"Ascolese Simona","societa":"A.S.D. Bentis"},{"sesso":"F","cateta":"Cadetti A","cintura_da":"","cintura_a":"","catcintura":"Rossa (2° Kup) -> Nera 9° Dan","catpeso":"+59","nome":"Blasi Beadrice","societa":"ASD CENTRO OLIMPICO TKD NUZZO"},{"sesso":"F","cateta":"Cadetti A","cintura_da":"","cintura_a":"","catcintura":"Rossa (2° Kup) -> Nera 9° Dan","catpeso":"+59","nome":"Calaresu Chiara","societa":"asd taekwondo olmedo"},{"sesso":"F","cateta":"Cadetti A","cintura_da":"","cintura_a":"","catcintura":"Rossa (2° Kup) -> Nera 9° Dan","catpeso":"+59","nome":"Dalsant Elisa","societa":"Zadra-fighting ASV"},{"sesso":"F","cateta":"Cadetti A","cintura_da":"","cintura_a":"","catcintura":"Rossa (2° Kup) -> Nera 9° Dan","catpeso":"+59","nome":"De Donato Alice","societa":"taekwondo rozzano"},{"sesso":"F","cateta":"Cadetti A","cintura_da":"","cintura_a":"","catcintura":"Rossa (2° Kup) -> Nera 9° Dan","catpeso":"+59","nome":"Ferro Maria","societa":"A.S.D. SCUOLA TAEKWONDO ANGILERI"},{"sesso":"F","cateta":"Cadetti A","cintura_da":"","cintura_a":"","catcintura":"Rossa (2° Kup) -> Nera 9° Dan","catpeso":"+59","nome":"Finanza Assunta","societa":"A.S.D. CENTRO TAEKWONDO CELANO"},{"sesso":"F","cateta":"Cadetti A","cintura_da":"","cintura_a":"","catcintura":"Rossa (2° Kup) -> Nera 9° Dan","catpeso":"+59","nome":"Gvozdenovic Aleksandra","societa":"A.S.D. Tkd TEAM 2000 ARZIGNANO"},{"sesso":"F","cateta":"Cadetti A","cintura_da":"","cintura_a":"","catcintura":"Rossa (2° Kup) -> Nera 9° Dan","catpeso":"+59","nome":"Kerschbamer Stefanie","societa":"Zadra-fighting ASV"},{"sesso":"F","cateta":"Cadetti A","cintura_da":"","cintura_a":"","catcintura":"Rossa (2° Kup) -> Nera 9° Dan","catpeso":"+59","nome":"Pirino Giorgia","societa":"SCUOLA TAEKWONDO GENOVA"},{"sesso":"F","cateta":"Cadetti A","cintura_da":"","cintura_a":"","catcintura":"Rossa (2° Kup) -> Nera 9° Dan","catpeso":"+59","nome":"Salomone Irene","societa":"sport village genova"},{"sesso":"F","cateta":"Cadetti A","cintura_da":"","cintura_a":"","catcintura":"Rossa (2° Kup) -> Nera 9° Dan","catpeso":"+59","nome":"Sanna Agata","societa":"OLYMPIC TAEKWONDO ALGHERO"}],"atleti":[],"tabulati":[]}